filename,module,acc,accm,amloc,an,anpm,asom,auv,bd,bf,cbo,da,dbz,df,dit,dnp,dupv,fgbo,lcom4,loc,mlk,mmloc,noa,noc,nom,npa,npm,obaa,osf,pitfc,rfc,rogu,rsva,saigv,sc,ua,uaf,uav
src/com/android/browser/AccountsChangedReceiver.java,com::android::browser::AccountsChangedReceiver,2,1,3,0,2,0,0,0,0,0,0,0,0,1,0,0,0,1,3,0,3,3,0,1,0,1,0,0,0,1,0,0,0,0,0,0,0
src/com/android/browser/AccountsChangedReceiver.java,com::android::browser::AccountsChangedReceiver::DeleteRemovedAccounts,0,2,9.25,0,1.75,0,0,0,0,1,0,0,0,0,0,0,0,2,37,0,15,1,0,4,0,2,0,0,0,10,0,0,0,2,0,0,0
src/com/android/browser/ActivityController.java,com::android::browser::ActivityController,30,1,1,0,1.10714285714286,0,0,0,0,1,0,0,0,0,0,0,0,28,28,0,1,0,2,28,0,27,0,0,0,28,0,0,0,28,0,0,0
src/com/android/browser/addbookmark/FolderSpinner.java,com::android::browser::addbookmark::FolderSpinner,3,1.42857142857143,5,0,1.57142857142857,0,0,0,0,2,0,0,0,1,0,0,0,5,35,0,13,2,0,7,0,7,0,0,0,14,0,0,0,10,0,0,0
src/com/android/browser/addbookmark/FolderSpinner.java,com::android::browser::addbookmark::FolderSpinner::OnSetSelectionListener,2,1,1,0,1,0,0,0,0,2,0,0,0,0,0,0,0,1,1,0,1,0,1,1,0,1,0,0,0,1,0,0,0,2,0,0,0
src/com/android/browser/addbookmark/FolderSpinnerAdapter.java,com::android::browser::addbookmark::FolderSpinnerAdapter,3,2.08333333333333,8.08333333333333,0,1.33333333333333,0,0,0,0,2,0,0,0,1,0,0,0,3,97,0,41,11,0,12,4,11,0,0,0,36,0,0,0,6,0,0,0
src/com/android/browser/AddBookmarkPage.java,com::android::browser::AddBookmarkPage,3,3.85714285714286,22.6071428571429,0,1.32142857142857,0,0,0,0,8,0,0,0,1,0,0,0,3,633,0,122,50,0,28,5,10,0,0,0,222,0,0,0,24,0,0,0
src/com/android/browser/AddBookmarkPage.java,com::android::browser::AddBookmarkPage::Folder,2,1,4,0,2,0,0,0,0,8,0,0,0,0,0,0,0,1,4,0,4,2,0,1,0,0,0,0,0,3,0,0,0,8,0,0,0
src/com/android/browser/AddBookmarkPage.java,com::android::browser::AddBookmarkPage::FolderAdapter,0,1,4.75,0,1.75,0,0,0,0,9,0,0,0,1,0,0,0,4,19,0,7,0,0,4,0,4,0,0,0,5,0,0,0,36,0,0,0
src/com/android/browser/AddBookmarkPage.java,com::android::browser::AddBookmarkPage::SaveBookmarkRunnable,0,2,14,0,1,0,0,0,0,9,0,0,0,0,0,0,0,1,28,0,24,2,0,2,0,2,0,0,0,10,0,0,0,9,0,0,0
src/com/android/browser/AddBookmarkPage.java,com::android::browser::AddBookmarkPage::UpdateBookmarkTask,0,1.5,7,0,1.5,0,0,0,0,9,0,0,0,1,0,0,0,1,14,0,10,2,0,2,0,1,0,0,0,6,0,0,0,9,0,0,0
src/com/android/browser/AddBookmarkPage.java,com::android::browser::AddBookmarkPage::CustomListView,1,1,3,0,1.6,0,0,0,0,9,0,0,0,1,0,0,0,4,15,0,3,1,0,5,0,5,0,0,0,7,0,0,0,36,0,0,0
src/com/android/browser/AddBookmarkPage.java,com::android::browser::AddBookmarkPage::AccountsLoader,0,1,3,0,1,0,0,0,0,9,0,0,0,1,0,0,0,1,3,0,3,4,0,1,0,1,0,0,0,2,0,0,0,9,0,0,0
src/com/android/browser/AddBookmarkPage.java,com::android::browser::AddBookmarkPage::BookmarkAccount,3,1.5,7.5,0,1,0,0,0,0,9,0,0,0,0,0,0,0,1,15,0,12,4,0,2,1,2,0,0,0,7,0,0,0,9,0,0,0
src/com/android/browser/AddBookmarkPage.java,com::android::browser::AddBookmarkPage::EditBookmarkInfo,1,0,0,0,0,0,0,0,0,9,0,0,0,0,0,0,0,0,0,0,0,10,0,0,0,0,0,0,0,0,0,0,0,0,0,0,0
src/com/android/browser/AddBookmarkPage.java,com::android::browser::AddBookmarkPage::EditBookmarkInfoLoader,0,3,29,0,0.666666666666667,0,0,0,0,10,0,0,0,1,0,0,0,2,87,0,79,2,0,3,0,2,0,0,0,14,0,0,0,20,0,0,0
src/com/android/browser/AddNewBookmark.java,com::android::browser::AddNewBookmark,0,1,5.5,0,1,0,0,0,0,10,0,0,0,1,0,0,0,1,11,0,8,1,0,2,0,0,0,0,0,4,0,0,0,10,0,0,0
src/com/android/browser/AutoFillProfileDatabase.java,com::android::browser::AutoFillProfileDatabase,3,1.16666666666667,6.33333333333333,0,0.833333333333333,0,0,0,0,10,0,0,0,0,0,0,0,1,38,0,18,6,0,6,0,4,0,0,0,15,0,0,0,10,0,0,0
src/com/android/browser/AutoFillProfileDatabase.java,com::android::browser::AutoFillProfileDatabase::Profiles,0,1,1,0,0,0,0,0,0,10,0,0,0,1,0,0,0,1,1,0,1,10,0,1,0,0,0,0,0,1,0,0,0,10,0,0,0
src/com/android/browser/AutoFillProfileDatabase.java,com::android::browser::AutoFillProfileDatabase::AutoFillProfileDatabaseHelper,0,1,8,0,1.66666666666667,0,0,0,0,11,0,0,0,1,0,0,0,2,24,0,15,0,0,3,0,2,0,0,0,9,0,0,0,22,0,0,0
src/com/android/browser/AutologinBar.java,com::android::browser::AutologinBar,2,1.8,8.8,0,1.2,0,0,0,0,14,0,0,0,1,0,0,0,4,88,0,36,8,0,10,0,7,0,0,0,44,0,0,0,56,0,0,0
src/com/android/browser/BackgroundHandler.java,com::android::browser::BackgroundHandler,0,1,10.5,0,0.25,0,0,0,0,14,0,0,0,0,0,0,0,4,42,0,35,2,0,4,0,2,0,0,0,6,0,0,0,56,0,0,0
src/com/android/browser/BaseUi.java,com::android::browser::BaseUi,70,1.64634146341463,6.91463414634146,0,0.707317073170732,0,0,0,0,21,0,0,0,1,0,0,0,20,567,0,36,32,2,82,1,59,0,0,0,319,0,0,0,420,0,0,0
src/com/android/browser/BaseUi.java,com::android::browser::BaseUi::FullscreenHolder,0,1,3.5,0,1,0,0,0,0,21,0,0,0,1,0,0,0,2,7,0,4,0,0,2,0,2,0,0,0,2,0,0,0,42,0,0,0
src/com/android/browser/BookmarkItem.java,com::android::browser::BookmarkItem,10,1.66666666666667,9.16666666666667,0,1.33333333333333,0,0,0,0,21,0,0,0,1,0,0,0,1,110,0,20,7,1,12,0,1,0,0,0,33,0,0,0,21,0,0,0
src/com/android/browser/Bookmarks.java,com::android::browser::Bookmarks,0,3.14285714285714,18.2857142857143,0,2.85714285714286,0,0,0,0,21,0,0,0,0,0,0,0,4,128,0,31,3,0,7,0,1,0,0,0,13,0,0,0,84,0,0,0
src/com/android/browser/BookmarkSearch.java,com::android::browser::BookmarkSearch,0,3,12,0,1,0,0,0,0,21,0,0,0,1,0,0,0,1,12,0,12,0,0,1,0,0,0,0,0,1,0,0,0,21,0,0,0
src/com/android/browser/BookmarksLoader.java,com::android::browser::BookmarksLoader,1,1,4.33333333333333,0,2.33333333333333,0,0,0,0,21,0,0,0,1,0,0,0,1,13,0,6,14,0,3,12,2,0,0,0,10,0,0,0,21,0,0,0
src/com/android/browser/BookmarkUtils.java,com::android::browser::BookmarkUtils,0,2.1,18.3,0,3.3,0,0,0,0,21,0,0,0,0,0,0,0,5,183,0,41,2,0,10,0,0,0,0,0,16,0,0,0,105,0,0,0
src/com/android/browser/BreadCrumbView.java,com::android::browser::BreadCrumbView,9,1.89655172413793,8.37931034482759,0,0.758620689655172,0,0,0,0,23,0,0,0,1,0,0,0,3,243,0,40,11,0,29,0,18,0,0,0,94,0,0,0,69,0,0,0
src/com/android/browser/BreadCrumbView.java,com::android::browser::BreadCrumbView::Controller,4,1,1,0,3,0,0,0,0,23,0,0,0,0,0,0,0,1,1,0,1,0,3,1,0,1,0,0,0,1,0,0,0,23,0,0,0
src/com/android/browser/BreadCrumbView.java,com::android::browser::BreadCrumbView::Crumb,6,1,5.75,0,2.5,0,0,0,0,23,0,0,0,0,0,0,0,1,23,0,12,3,0,4,3,2,0,0,0,12,0,0,0,23,0,0,0
src/com/android/browser/Browser.java,com::android::browser::Browser,0,2,11,0,0,0,0,0,0,23,0,0,0,1,0,0,0,1,11,0,11,3,0,1,0,1,0,0,0,3,0,0,0,23,0,0,0
src/com/android/browser/BrowserActivity.java,com::android::browser::BrowserActivity,4,1.4375,5.78125,0,1,0,0,0,0,25,0,0,0,1,0,0,0,1,185,0,23,10,0,32,4,23,0,0,0,109,0,0,0,25,0,0,0
src/com/android/browser/BrowserBackupAgent.java,com::android::browser::BrowserBackupAgent,0,4.6,28.2,0,2.6,0,0,0,0,26,0,0,0,1,0,0,0,1,141,0,73,4,0,5,0,2,0,0,0,21,0,0,0,26,0,0,0
src/com/android/browser/BrowserBackupAgent.java,com::android::browser::BrowserBackupAgent::Bookmark,2,0,0,0,0,0,0,0,0,26,0,0,0,0,0,0,0,0,0,0,0,5,0,0,5,0,0,0,0,0,0,0,0,0,0,0,0
src/com/android/browser/BrowserBookmarksAdapter.java,com::android::browser::BrowserBookmarksAdapter,0,1.625,9.375,0,1.5,0,0,0,0,28,0,0,0,1,0,0,0,3,75,0,26,2,0,8,0,5,0,0,0,26,0,0,0,84,0,0,0
src/com/android/browser/BrowserBookmarksAdapterItem.java,com::android::browser::BrowserBookmarksAdapterItem,2,0,0,0,0,0,0,0,0,28,0,0,0,0,0,0,0,0,0,0,0,5,0,0,5,0,0,0,0,0,0,0,0,0,0,0,0
src/com/android/browser/BrowserBookmarksPage.java,com::android::browser::BookmarksPageCallbacks,6,1,1,0,1.5,0,0,0,0,28,0,0,0,0,0,0,0,2,2,0,1,0,2,2,0,1,0,0,0,2,0,0,0,56,0,0,0
src/com/android/browser/BrowserBookmarksPage.java,com::android::browser::BrowserBookmarksPage,3,2.36666666666667,13.1333333333333,0,1.8,0,0,0,0,33,0,0,0,1,0,0,0,3,394,0,54,18,0,30,0,15,0,0,0,116,0,0,0,99,0,0,0
src/com/android/browser/BrowserBookmarksPage.java,com::android::browser::BrowserBookmarksPage::ExtraDragState,0,0,0,0,0,0,0,0,0,33,0,0,0,0,0,0,0,0,0,0,0,2,0,0,2,0,0,0,0,0,0,0,0,0,0,0,0
src/com/android/browser/BrowserBookmarksPage.java,com::android::browser::BrowserBookmarksPage::CombinedBookmarksCallbackWrapper,0,1.33333333333333,4.66666666666667,0,1.33333333333333,0,0,0,0,34,0,0,0,1,0,0,0,1,14,0,7,1,0,3,0,2,0,0,0,8,0,0,0,34,0,0,0
src/com/android/browser/BrowserBookmarksPage.java,com::android::browser::BrowserBookmarksPage::OpenAllInTabsTask,0,2,6.66666666666667,0,1,0,0,0,0,35,0,0,0,1,0,0,0,2,20,0,10,1,0,3,0,1,0,0,0,7,0,0,0,70,0,0,0
src/com/android/browser/BrowserBookmarksPage.java,com::android::browser::BrowserBookmarksPage::LookupBookmarkCount,0,2.33333333333333,10,0,1.33333333333333,0,0,0,0,35,0,0,0,1,0,0,0,2,30,0,18,2,0,3,0,1,0,0,0,7,0,0,0,70,0,0,0
src/com/android/browser/BrowserBookmarksPage.java,com::android::browser::BrowserBookmarksPage::AccountsLoader,0,1,7,0,1,0,0,0,0,35,0,0,0,1,0,0,0,1,7,0,7,1,0,1,0,1,0,0,0,1,0,0,0,35,0,0,0
src/com/android/browser/BrowserDownloadListener.java,com::android::browser::BrowserDownloadListener,0,1,3.5,0,5.5,0,0,0,0,35,0,0,0,1,0,0,0,1,7,0,6,0,0,2,0,2,0,0,0,3,0,0,0,35,0,0,0
src/com/android/browser/BrowserHistoryPage.java,com::android::browser::BrowserHistoryPage,0,2.5,14.7777777777778,0,1.38888888888889,0,0,0,0,37,0,0,0,1,0,0,0,4,266,0,47,16,0,18,0,11,0,0,0,78,0,0,0,148,0,0,0
src/com/android/browser/BrowserHistoryPage.java,com::android::browser::BrowserHistoryPage::HistoryQuery,0,0,0,0,0,0,0,0,0,37,0,0,0,0,0,0,0,0,0,0,0,8,0,0,7,0,0,0,0,0,0,0,0,0,0,0,0
src/com/android/browser/BrowserHistoryPage.java,com::android::browser::BrowserHistoryPage::ClearHistoryTask,0,1,3,0,0.5,0,0,0,0,37,0,0,0,0,0,0,0,1,6,0,3,1,0,2,0,2,0,0,0,4,0,0,0,37,0,0,0
src/com/android/browser/BrowserHistoryPage.java,com::android::browser::BrowserHistoryPage::HistoryWrapper,6,1,4,0,1,0,0,0,0,37,0,0,0,1,0,0,0,1,4,0,4,2,2,1,0,1,0,0,0,3,0,0,0,37,0,0,0
src/com/android/browser/BrowserHistoryPage.java,com::android::browser::BrowserHistoryPage::HistoryGroupWrapper,0,1,3,0,1.2,0,0,0,0,38,0,0,0,2,0,0,0,5,15,0,3,0,0,5,0,5,0,0,0,9,0,0,0,190,0,0,0
src/com/android/browser/BrowserHistoryPage.java,com::android::browser::BrowserHistoryPage::HistoryChildWrapper,0,1,3.33333333333333,0,1.16666666666667,0,0,0,0,38,0,0,0,2,0,0,0,4,20,0,4,1,0,6,0,5,0,0,0,13,0,0,0,152,0,0,0
src/com/android/browser/BrowserHistoryPage.java,com::android::browser::BrowserHistoryPage::HistoryAdapter,7,2.33333333333333,10.1666666666667,0,1.5,0,0,0,0,39,0,0,0,2,0,0,0,1,122,0,35,3,0,12,0,7,0,0,0,37,0,0,0,39,0,0,0
src/com/android/browser/BrowserPreferencesPage.java,com::android::browser::BrowserPreferencesPage,0,2.4,10.6,0,1.4,0,0,0,0,39,0,0,0,1,0,0,0,4,53,0,13,2,0,5,1,5,0,0,0,8,0,0,0,156,0,0,0
src/com/android/browser/BrowserSettings.java,com::android::browser::BrowserSettings,30,1.57291666666667,5.79166666666667,0,0.302083333333333,0,0,0,0,42,0,0,0,1,0,0,0,6,556,0,29,29,0,96,0,84,0,0,0,342,0,0,0,252,0,0,0
src/com/android/browser/BrowserSnapshotPage.java,com::android::browser::BrowserSnapshotPage,1,1.53846153846154,8.07692307692308,0,1.76923076923077,0,0,0,0,43,0,0,0,1,0,0,0,3,105,0,18,15,0,13,1,9,0,0,0,46,0,0,0,129,0,0,0
src/com/android/browser/BrowserSnapshotPage.java,com::android::browser::BrowserSnapshotPage::SnapshotAdapter,2,2.5,19,0,1.75,0,0,0,0,44,0,0,0,1,0,0,0,2,76,0,41,3,0,4,0,4,0,0,0,16,0,0,0,88,0,0,0
src/com/android/browser/BrowserWebView.java,com::android::browser::BrowserWebView,3,1.17647058823529,4.11764705882353,0,1.35294117647059,0,0,0,0,45,0,0,0,1,0,0,0,10,70,0,11,5,0,17,0,15,0,0,0,32,0,0,0,450,0,0,0
src/com/android/browser/BrowserWebView.java,com::android::browser::BrowserWebView::OnScrollChangedListener,2,1,1,0,4,0,0,0,0,45,0,0,0,0,0,0,0,1,1,0,1,0,1,1,0,0,0,0,0,1,0,0,0,45,0,0,0
src/com/android/browser/BrowserWebViewFactory.java,com::android::browser::BrowserWebViewFactory,1,1.2,8,0,1.4,0,0,0,0,46,0,0,0,1,0,0,0,1,40,0,25,1,0,5,0,3,0,0,0,12,0,0,0,46,0,0,0
src/com/android/browser/BrowserYesNoPreference.java,com::android::browser::BrowserYesNoPreference,0,5,15.5,0,1.5,0,0,0,0,46,0,0,0,1,0,0,0,2,31,0,28,0,0,2,0,1,0,0,0,10,0,0,0,92,0,0,0
src/com/android/browser/CombinedBookmarksCallbacks.java,com::android::browser::CombinedBookmarksCallbacks,6,1,1,0,0.75,0,0,0,0,46,0,0,0,0,0,0,0,4,4,0,1,0,1,4,0,3,0,0,0,4,0,0,0,184,0,0,0
src/com/android/browser/ComboViewActivity.java,com::android::browser::ComboViewActivity,0,1.77777777777778,9.88888888888889,0,1,0,0,0,0,47,0,0,0,1,0,0,0,8,89,0,44,8,0,9,5,6,0,0,0,19,0,0,0,376,0,0,0
src/com/android/browser/ComboViewActivity.java,com::android::browser::ComboViewActivity::TabsAdapter,1,1.2,4.5,0,1.7,0,0,0,0,48,0,0,0,1,0,0,0,5,45,0,9,4,0,10,0,10,0,0,0,23,0,0,0,240,0,0,0
src/com/android/browser/ComboViewActivity.java,com::android::browser::ComboViewActivity::TabsAdapter::TabInfo,1,1,4,0,2,0,0,0,0,48,0,0,0,0,0,0,0,1,4,0,4,2,0,1,0,0,0,0,0,3,0,0,0,48,0,0,0
src/com/android/browser/Controller.java,com::android::browser::Controller,34,2.8,13.7724137931034,0,1.04827586206897,0,0,0,0,58,0,0,0,1,0,0,0,2,1997,0,169,50,0,145,2,100,0,0,0,795,0,0,0,116,0,0,0
src/com/android/browser/Controller.java,com::android::browser::Controller::PruneThumbnails,0,2.5,11.5,0,1,0,0,0,0,58,0,0,0,0,0,0,0,1,23,0,19,2,0,2,0,1,0,0,0,6,0,0,0,58,0,0,0
src/com/android/browser/Controller.java,com::android::browser::Controller::Copy,0,1,3.5,0,1,0,0,0,0,58,0,0,0,1,0,0,0,1,7,0,4,1,0,2,0,2,0,0,0,5,0,0,0,58,0,0,0
src/com/android/browser/Controller.java,com::android::browser::Controller::Download,0,2.25,14,0,1.5,0,0,0,0,59,0,0,0,1,0,0,0,1,56,0,25,6,0,4,0,2,0,0,0,23,0,0,0,59,0,0,0
src/com/android/browser/CrashRecoveryHandler.java,com::android::browser::CrashRecoveryHandler,7,2.72727272727273,13.9090909090909,0,0.454545454545455,0,0,0,0,59,0,0,0,0,0,0,0,1,153,0,39,18,0,11,0,6,0,0,0,61,0,0,0,59,0,0,0
src/com/android/browser/DataController.java,com::android::browser::DataController,8,1.375,6.125,0,1.25,0,0,0,0,62,0,0,0,0,0,0,0,1,49,0,20,12,0,8,0,6,0,0,0,37,0,0,0,62,0,0,0
src/com/android/browser/DataController.java,com::android::browser::DataController::OnQueryUrlIsBookmark,2,1,1,0,2,0,0,0,0,62,0,0,0,0,0,0,0,1,1,0,1,0,0,1,0,0,0,0,0,1,0,0,0,62,0,0,0
src/com/android/browser/DataController.java,com::android::browser::DataController::CallbackContainer,2,0,0,0,0,0,0,0,0,62,0,0,0,0,0,0,0,0,0,0,0,2,0,0,0,0,0,0,0,0,0,0,0,0,0,0,0
src/com/android/browser/DataController.java,com::android::browser::DataController::DCMessage,2,1,4,0,2,0,0,0,0,62,0,0,0,0,0,0,0,1,4,0,4,3,0,1,0,0,0,0,0,3,0,0,0,62,0,0,0
src/com/android/browser/DataController.java,com::android::browser::DataController::DataControllerHandler,6,2.81818181818182,13.9090909090909,0,1.27272727272727,0,0,0,0,64,0,0,0,0,0,0,0,2,153,0,31,1,0,11,0,2,0,0,0,47,0,0,0,128,0,0,0
src/com/android/browser/DataUri.java,com::android::browser::DataUri,2,2,8,0,0.5,0,0,0,0,64,0,0,0,0,0,0,0,1,32,0,22,4,0,4,0,4,0,0,0,12,0,0,0,64,0,0,0
src/com/android/browser/DateSortedExpandableListAdapter.java,com::android::browser::DateSortedExpandableListAdapter,4,2.07142857142857,7.78571428571429,0,1.25,0,0,0,0,64,0,0,0,1,0,0,0,9,218,0,31,9,1,28,0,18,0,0,0,80,0,0,0,576,0,0,0
src/com/android/browser/DeviceAccountLogin.java,com::android::browser::DeviceAccountLogin,2,2.11111111111111,9.33333333333333,0,1.11111111111111,0,0,0,0,66,0,0,0,1,0,0,0,1,84,0,22,12,0,9,3,7,0,0,0,49,0,0,0,66,0,0,0
src/com/android/browser/DeviceAccountLogin.java,com::android::browser::DeviceAccountLogin::AutoLoginCallback,2,1,1,0,0,0,0,0,0,66,0,0,0,0,0,0,0,1,1,0,1,0,1,1,0,1,0,0,0,1,0,0,0,66,0,0,0
src/com/android/browser/DownloadHandler.java,com::android::browser::DownloadHandler,0,6.66666666666667,55.3333333333333,0,5,0,0,0,0,66,0,0,0,0,0,0,0,1,166,0,98,2,0,3,0,1,0,0,0,8,0,0,0,66,0,0,0
src/com/android/browser/DownloadTouchIcon.java,com::android::browser::DownloadTouchIcon,0,4,19.6666666666667,0,2,0,0,0,0,66,0,0,0,1,0,0,0,1,118,0,64,8,0,6,0,4,0,0,0,37,0,0,0,66,0,0,0
src/com/android/browser/ErrorConsoleView.java,com::android::browser::ErrorConsoleView,2,2.55555555555556,12.8888888888889,0,0.666666666666667,0,0,0,0,67,0,0,0,1,0,0,0,3,116,0,51,12,0,9,3,8,0,0,0,45,0,0,0,201,0,0,0
src/com/android/browser/ErrorConsoleView.java,com::android::browser::ErrorConsoleView::ErrorConsoleListView,3,1,4,0,1,0,0,0,0,68,0,0,0,1,0,0,0,1,12,0,5,1,0,3,0,3,0,0,0,9,0,0,0,68,0,0,0
src/com/android/browser/ErrorConsoleView.java,com::android::browser::ErrorConsoleView::ErrorConsoleListView::ErrorConsoleMessageList,2,1.5,6.6,0,0.8,0,0,0,0,68,0,0,0,0,0,0,0,5,66,0,35,2,0,10,0,10,0,0,0,18,0,0,0,340,0,0,0
src/com/android/browser/FetchUrlMimeType.java,com::android::browser::FetchUrlMimeType,0,7.5,42,0,2.5,0,0,0,0,68,0,0,0,0,0,0,0,1,84,0,76,6,0,2,0,2,0,0,0,13,0,0,0,68,0,0,0
src/com/android/browser/GeolocationPermissionsPrompt.java,com::android::browser::GeolocationPermissionsPrompt,1,1.125,7.5,0,0.875,0,0,0,0,68,0,0,0,1,0,0,0,3,60,0,17,6,0,8,0,4,0,0,0,23,0,0,0,204,0,0,0
src/com/android/browser/GoogleAccountLogin.java,com::android::browser::GoogleAccountLogin,0,2.27272727272727,18.2727272727273,0,0.727272727272727,0,0,0,0,68,0,0,0,1,0,0,0,1,201,0,66,15,0,11,1,4,0,0,0,63,0,0,0,68,0,0,0
src/com/android/browser/HistoryItem.java,com::android::browser::HistoryItem,3,1.33333333333333,6.66666666666667,0,1.16666666666667,0,0,0,0,68,0,0,0,2,0,0,0,2,40,0,12,1,0,6,0,1,0,0,0,18,0,0,0,136,0,0,0
src/com/android/browser/homepages/HomeProvider.java,com::android::browser::homepages::HomeProvider,0,1.77777777777778,7.22222222222222,0,2.22222222222222,0,0,0,0,68,0,0,0,1,0,0,0,8,65,0,22,3,0,9,2,8,0,0,0,12,0,0,0,544,0,0,0
src/com/android/browser/homepages/RequestHandler.java,com::android::browser::homepages::RequestHandler,0,2.69230769230769,17.7692307692308,0,0.769230769230769,0,0,0,0,69,0,0,0,0,0,0,0,2,231,0,61,10,0,13,0,2,0,0,0,50,0,0,0,138,0,0,0
src/com/android/browser/homepages/Template.java,com::android::browser::homepages::Template,7,2.16666666666667,9.5,0,1.66666666666667,0,0,0,0,69,0,0,0,0,0,0,0,2,114,0,33,3,0,12,0,5,0,0,0,26,0,0,0,138,0,0,0
src/com/android/browser/homepages/Template.java,com::android::browser::homepages::Template::Entity,3,1,1,0,2,0,0,0,0,69,0,0,0,0,0,0,0,1,1,0,1,0,3,1,0,0,0,0,0,1,0,0,0,69,0,0,0
src/com/android/browser/homepages/Template.java,com::android::browser::homepages::Template::EntityData,3,1,1,0,1.5,0,0,0,0,69,0,0,0,0,0,0,0,2,2,0,1,0,2,2,0,1,0,0,0,2,0,0,0,138,0,0,0
src/com/android/browser/homepages/Template.java,com::android::browser::homepages::Template::ListEntityIterator,2,1,1,0,0,0,0,0,0,69,0,0,0,1,0,0,0,2,2,0,1,0,1,2,0,1,0,0,0,2,0,0,0,138,0,0,0
src/com/android/browser/homepages/Template.java,com::android::browser::homepages::Template::StringEntity,0,1,3,0,1.5,0,0,0,0,69,0,0,0,1,0,0,0,2,6,0,3,1,0,2,0,2,0,0,0,2,0,0,0,138,0,0,0
src/com/android/browser/homepages/Template.java,com::android::browser::homepages::Template::SimpleEntity,0,1,3,0,1.5,0,0,0,0,69,0,0,0,1,0,0,0,2,6,0,3,1,0,2,0,2,0,0,0,2,0,0,0,138,0,0,0
src/com/android/browser/homepages/Template.java,com::android::browser::homepages::Template::ListEntity,0,1.5,5.5,0,2.5,0,0,0,0,70,0,0,0,1,0,0,0,2,11,0,7,2,0,2,0,2,0,0,0,6,0,0,0,140,0,0,0
src/com/android/browser/homepages/Template.java,com::android::browser::homepages::Template::CursorListEntityWrapper,0,1,3,0,0.4,0,0,0,0,70,0,0,0,2,0,0,0,5,15,0,3,1,0,5,0,5,0,0,0,5,0,0,0,350,0,0,0
src/com/android/browser/homepages/Template.java,com::android::browser::homepages::Template::HashMapEntityData,0,1,3,0,1.33333333333333,0,0,0,0,70,0,0,0,1,0,0,0,3,9,0,3,1,0,3,0,3,0,0,0,6,0,0,0,210,0,0,0
src/com/android/browser/HttpAuthenticationDialog.java,com::android::browser::HttpAuthenticationDialog,2,1.875,10.375,0,0.625,0,0,0,0,72,0,0,0,0,0,0,0,1,83,0,42,8,0,8,0,5,0,0,0,36,0,0,0,72,0,0,0
src/com/android/browser/HttpAuthenticationDialog.java,com::android::browser::HttpAuthenticationDialog::OkListener,1,1,1,0,4,0,0,0,0,72,0,0,0,0,0,0,0,1,1,0,1,0,0,1,0,0,0,0,0,1,0,0,0,72,0,0,0
src/com/android/browser/HttpAuthenticationDialog.java,com::android::browser::HttpAuthenticationDialog::CancelListener,1,1,1,0,0,0,0,0,0,72,0,0,0,0,0,0,0,1,1,0,1,0,0,1,0,0,0,0,0,1,0,0,0,72,0,0,0
src/com/android/browser/IntentHandler.java,com::android::browser::IntentHandler,2,8.8,48.6,0,2.4,0,0,0,0,72,0,0,0,0,0,0,0,1,243,0,126,7,0,5,0,1,0,0,0,42,0,0,0,72,0,0,0
src/com/android/browser/IntentHandler.java,com::android::browser::IntentHandler::UrlData,5,1.14285714285714,5,0,1.28571428571429,0,0,0,0,72,0,0,0,0,0,0,0,2,35,0,13,5,0,7,0,0,0,0,0,21,0,0,0,144,0,0,0
src/com/android/browser/KeyChainLookup.java,com::android::browser::KeyChainLookup,0,1.5,10.5,0,2,0,0,0,0,72,0,0,0,1,0,0,0,1,21,0,16,3,0,2,0,0,0,0,0,8,0,0,0,72,0,0,0
src/com/android/browser/LogTag.java,com::android::browser::LogTag,0,1,4,0,2,0,0,0,0,72,0,0,0,0,0,0,0,3,12,0,4,0,0,3,0,3,0,0,0,3,0,0,0,216,0,0,0
src/com/android/browser/NavigationBarBase.java,com::android::browser::NavigationBarBase,36,1.75862068965517,5.93103448275862,0,1.17241379310345,0,0,0,0,74,0,0,0,1,0,0,0,13,172,0,28,6,2,29,0,22,0,0,0,88,0,0,0,962,0,0,0
src/com/android/browser/NavigationBarPhone.java,com::android::browser::NavigationBarPhone,1,2.4375,11.0625,0,0.9375,0,0,0,0,74,0,0,0,2,0,0,0,6,177,0,35,17,0,16,0,12,0,0,0,94,0,0,0,444,0,0,0
src/com/android/browser/NavigationBarTablet.java,com::android::browser::NavigationBarTablet,1,2.45454545454545,11.2727272727273,0,0.772727272727273,0,0,0,0,75,0,0,0,2,0,0,0,1,248,0,26,20,0,22,0,12,0,0,0,132,0,0,0,75,0,0,0
src/com/android/browser/NavScreen.java,com::android::browser::NavScreen,4,1.66666666666667,8.33333333333333,0,0.866666666666667,0,0,0,0,78,0,0,0,1,0,0,0,2,125,0,30,18,0,15,0,5,0,0,0,91,0,0,0,156,0,0,0
src/com/android/browser/NavScreen.java,com::android::browser::NavScreen::TabAdapter,1,1.6,7.4,0,1.4,0,0,0,0,80,0,0,0,1,0,0,0,2,37,0,24,2,0,5,0,5,0,0,0,29,0,0,0,160,0,0,0
src/com/android/browser/NavTabScroller.java,com::android::browser::NavTabScroller,8,2.34146341463415,10.1951219512195,0,1.31707317073171,0,0,0,0,83,0,0,0,2,0,0,0,4,418,0,89,16,0,41,0,10,0,0,0,146,0,0,0,332,0,0,0
src/com/android/browser/NavTabScroller.java,com::android::browser::NavTabScroller::OnRemoveListener,1,1,1,0,1,0,0,0,0,83,0,0,0,0,0,0,0,1,1,0,1,0,0,1,0,1,0,0,0,1,0,0,0,83,0,0,0
src/com/android/browser/NavTabScroller.java,com::android::browser::NavTabScroller::OnLayoutListener,1,1,1,0,4,0,0,0,0,83,0,0,0,0,0,0,0,1,1,0,1,0,0,1,0,1,0,0,0,1,0,0,0,83,0,0,0
src/com/android/browser/NavTabScroller.java,com::android::browser::NavTabScroller::ContentLayout,0,2.5,10,0,2,0,0,0,0,83,0,0,0,1,0,0,0,1,20,0,16,1,0,2,0,1,0,0,0,6,0,0,0,83,0,0,0
src/com/android/browser/NavTabView.java,com::android::browser::NavTabView,2,1.75,6.5,0,1,0,0,0,0,83,0,0,0,1,0,0,0,1,78,0,19,8,0,12,0,4,0,0,0,42,0,0,0,83,0,0,0
src/com/android/browser/NetworkStateHandler.java,com::android::browser::NetworkStateHandler,3,1.66666666666667,10.8333333333333,0,0.833333333333333,0,0,0,0,83,0,0,0,0,0,0,0,1,65,0,40,5,0,6,0,1,0,0,0,24,0,0,0,83,0,0,0
src/com/android/browser/NfcHandler.java,com::android::browser::NfcHandler,0,2.75,12.5,0,1.25,0,0,0,0,83,0,0,0,0,0,0,0,2,50,0,30,7,0,4,0,4,0,0,0,16,0,0,0,166,0,0,0
src/com/android/browser/OpenDownloadReceiver.java,com::android::browser::OpenDownloadReceiver,0,2,22,0,1.25,0,0,0,0,83,0,0,0,1,0,0,0,2,88,0,42,1,0,4,0,1,0,0,0,8,0,0,0,166,0,0,0
src/com/android/browser/OptionsMenuHandler.java,com::android::browser::OptionsMenuHandler,0,1,1,0,1,0,0,0,0,83,0,0,0,0,0,0,0,3,3,0,1,0,0,3,0,2,0,0,0,3,0,0,0,249,0,0,0
src/com/android/browser/PageDialogsHandler.java,com::android::browser::PageDialogsHandler,4,3.44444444444444,32.2222222222222,0,2.55555555555556,0,0,0,0,84,0,0,0,0,0,0,0,1,290,0,98,13,0,9,0,3,0,0,0,67,0,0,0,84,0,0,0
src/com/android/browser/PageProgressView.java,com::android::browser::PageProgressView,1,1.28571428571429,7.42857142857143,0,2,0,0,0,0,84,0,0,0,1,0,0,0,1,52,0,21,9,0,7,1,5,0,0,0,28,0,0,0,84,0,0,0
src/com/android/browser/Performance.java,com::android::browser::Performance,0,4.25,18,0,0.5,0,0,0,0,84,0,0,0,0,0,0,0,2,72,0,39,11,0,4,0,0,0,0,0,24,0,0,0,168,0,0,0
src/com/android/browser/PermissionsPrompt.java,com::android::browser::PermissionsPrompt,1,1.875,8.625,0,0.625,0,0,0,0,84,0,0,0,1,0,0,0,3,69,0,24,5,0,8,0,5,0,0,0,21,0,0,0,252,0,0,0
src/com/android/browser/PhoneUi.java,com::android::browser::PhoneUi,4,2.4,13.8,0,0.84,0,0,0,0,86,0,0,0,2,0,0,0,8,345,0,87,8,0,25,0,19,0,0,0,163,0,0,0,688,0,0,0
src/com/android/browser/PhoneUi.java,com::android::browser::PhoneUi::AnimScreen,3,2.16666666666667,11.3333333333333,0,1.16666666666667,0,0,0,0,86,0,0,0,0,0,0,0,1,68,0,37,6,0,6,0,3,0,0,0,23,0,0,0,86,0,0,0
src/com/android/browser/PieControl.java,com::android::browser::PieControl,4,2.92307692307692,14.8461538461538,0,0.846153846153846,0,0,0,0,91,0,0,0,1,0,0,0,1,193,0,67,23,0,13,0,4,0,0,0,123,0,0,0,91,0,0,0
src/com/android/browser/PieControl.java,com::android::browser::PieControl::TabAdapter,1,1.28571428571429,6.85714285714286,0,1.28571428571429,0,0,0,0,91,0,0,0,1,0,0,0,2,48,0,26,4,0,7,0,7,0,0,0,23,0,0,0,182,0,0,0
src/com/android/browser/PreferenceKeys.java,com::android::browser::PreferenceKeys,53,0,0,0,0,0,0,0,0,91,0,0,0,0,0,0,0,0,0,0,0,57,1,0,56,0,0,0,0,0,0,0,0,0,0,0,0
src/com/android/browser/preferences/AccessibilityPreferencesFragment.java,com::android::browser::preferences::AccessibilityPreferencesFragment,0,1.55555555555556,8.11111111111111,0,1.22222222222222,0,0,0,0,91,0,0,0,1,0,0,0,1,73,0,27,2,0,9,0,5,0,0,0,29,0,0,0,91,0,0,0
src/com/android/browser/preferences/AdvancedPreferencesFragment.java,com::android::browser::preferences::AdvancedPreferencesFragment,0,3.2,20.8,0,1,0,0,0,0,91,0,0,0,1,0,0,0,2,104,0,30,0,0,5,0,3,0,0,0,9,0,0,0,182,0,0,0
src/com/android/browser/preferences/BandwidthPreferencesFragment.java,com::android::browser::preferences::BandwidthPreferencesFragment,0,3,13,0,0.5,0,0,0,0,91,0,0,0,1,0,0,0,2,26,0,21,1,0,2,0,2,0,0,0,2,0,0,0,182,0,0,0
src/com/android/browser/preferences/DebugPreferencesFragment.java,com::android::browser::preferences::DebugPreferencesFragment,0,1.5,9,0,1,0,0,0,0,91,0,0,0,1,0,0,0,2,18,0,9,0,0,2,0,2,0,0,0,2,0,0,0,182,0,0,0
src/com/android/browser/preferences/FontSizePreview.java,com::android::browser::preferences::FontSizePreview,0,1.16666666666667,4.83333333333333,0,1.5,0,0,0,0,92,0,0,0,2,0,0,0,5,29,0,9,2,0,6,0,3,0,0,0,12,0,0,0,460,0,0,0
src/com/android/browser/preferences/GeneralPreferencesFragment.java,com::android::browser::preferences::GeneralPreferencesFragment,0,3.66666666666667,22,0,0.833333333333333,0,0,0,0,92,0,0,0,1,0,0,0,1,132,0,43,11,0,6,0,2,0,0,0,44,0,0,0,92,0,0,0
src/com/android/browser/preferences/InvertedContrastPreview.java,com::android::browser::preferences::InvertedContrastPreview,0,1.4,5.6,0,1.6,0,0,0,0,92,0,0,0,2,0,0,0,5,28,0,16,3,0,5,0,3,0,0,0,8,0,0,0,460,0,0,0
src/com/android/browser/preferences/LabPreferencesFragment.java,com::android::browser::preferences::LabPreferencesFragment,0,1,5,0,1,0,0,0,0,92,0,0,0,1,0,0,0,1,5,0,5,0,0,1,0,1,0,0,0,1,0,0,0,92,0,0,0
src/com/android/browser/preferences/NonformattingListPreference.java,com::android::browser::preferences::NonformattingListPreference,0,1.25,4,0,1,0,0,0,0,92,0,0,0,1,0,0,0,3,16,0,6,1,0,4,0,4,0,0,0,6,0,0,0,276,0,0,0
src/com/android/browser/preferences/PrivacySecurityPreferencesFragment.java,com::android::browser::preferences::PrivacySecurityPreferencesFragment,0,1.33333333333333,8,0,1,0,0,0,0,92,0,0,0,1,0,0,0,3,24,0,12,0,0,3,0,3,0,0,0,3,0,0,0,276,0,0,0
src/com/android/browser/preferences/SeekBarSummaryPreference.java,com::android::browser::preferences::SeekBarSummaryPreference,0,1.22222222222222,4.55555555555556,0,1.11111111111111,0,0,0,0,92,0,0,0,1,0,0,0,5,41,0,10,2,0,9,0,7,0,0,0,16,0,0,0,460,0,0,0
src/com/android/browser/preferences/WebsiteSettingsFragment.java,com::android::browser::preferences::WebsiteSettingsFragment,4,2.2,11.4,0,1,0,0,0,0,92,0,0,0,1,0,0,0,5,57,0,21,5,0,5,0,4,0,0,0,5,0,0,0,460,0,0,0
src/com/android/browser/preferences/WebsiteSettingsFragment.java,com::android::browser::preferences::WebsiteSettingsFragment::Site,3,1.1875,4.3125,0,0.6875,0,0,0,0,92,0,0,0,1,0,0,0,2,69,0,10,8,0,16,1,14,0,0,0,45,0,0,0,184,0,0,0
src/com/android/browser/preferences/WebsiteSettingsFragment.java,com::android::browser::preferences::WebsiteSettingsFragment::SiteAdapter,0,3.42857142857143,22.5,0,1.5,0,0,0,0,94,0,0,0,1,0,0,0,9,315,0,121,9,0,14,0,13,0,0,0,42,0,0,0,846,0,0,0
src/com/android/browser/preferences/WebsiteSettingsFragment.java,com::android::browser::preferences::WebsiteSettingsFragment::SiteAdapter::UpdateFromBookmarksDbTask,0,2,25.3333333333333,0,1.33333333333333,0,0,0,0,94,0,0,0,1,0,0,0,2,76,0,67,3,0,3,0,1,0,0,0,7,0,0,0,188,0,0,0
src/com/android/browser/preferences/WebViewPreview.java,com::android::browser::preferences::WebViewPreview,3,1,4.45454545454545,0,1.27272727272727,0,0,0,0,94,0,0,0,1,0,0,0,5,49,0,14,1,2,11,0,4,0,0,0,18,0,0,0,470,0,0,0
src/com/android/browser/PreloadController.java,com::android::browser::PreloadController,0,2,3.84615384615385,0,1.53846153846154,0,0,0,0,94,0,0,0,1,0,0,0,3,150,0,11,3,0,39,0,39,0,0,0,114,0,0,0,282,0,0,0
src/com/android/browser/PreloadedTabControl.java,com::android::browser::PreloadedTabControl,5,2,5,0,1.125,0,0,0,0,94,0,0,0,0,0,0,0,3,40,0,15,5,0,8,0,8,0,0,0,28,0,0,0,282,0,0,0
src/com/android/browser/Preloader.java,com::android::browser::Preloader,3,2.66666666666667,9.33333333333333,0,1.22222222222222,0,0,0,0,95,0,0,0,0,0,0,0,1,84,0,18,8,0,9,0,6,0,0,0,46,0,0,0,95,0,0,0
src/com/android/browser/Preloader.java,com::android::browser::Preloader::PreloaderSession,6,1,4,0,0.2,0,0,0,0,97,0,0,0,0,0,0,0,1,20,0,6,3,0,5,0,5,0,0,0,21,0,0,0,97,0,0,0
src/com/android/browser/PreloadRequestReceiver.java,com::android::browser::PreloadRequestReceiver,0,8.25,20.5,0,1.5,0,0,0,0,97,0,0,0,1,0,0,0,1,82,0,37,8,0,4,0,1,0,0,0,19,0,0,0,97,0,0,0
src/com/android/browser/provider/BrowserProvider.java,com::android::browser::provider::BrowserProvider,9,4.78571428571429,37.6428571428571,0,1.71428571428571,0,0,0,0,97,0,0,0,1,0,0,0,7,527,0,143,36,0,14,0,9,0,0,0,67,0,0,0,679,0,0,0
src/com/android/browser/provider/BrowserProvider.java,com::android::browser::provider::BrowserProvider::DatabaseHelper,0,4.5,33,0,1.25,0,0,0,0,98,0,0,0,1,0,0,0,1,132,0,47,1,0,4,0,3,0,0,0,13,0,0,0,98,0,0,0
src/com/android/browser/provider/BrowserProvider.java,com::android::browser::provider::BrowserProvider::MySuggestionCursor,0,4.25,14.8125,0,0.75,0,0,0,0,98,0,0,0,1,0,0,0,8,237,0,110,11,0,16,0,14,0,0,0,67,0,0,0,784,0,0,0
src/com/android/browser/provider/BrowserProvider2.java,com::android::browser::provider::BrowserProvider2,10,5.60526315789474,44.0789473684211,0,2.02631578947368,0,0,0,0,99,0,0,0,2,0,0,0,7,1675,0,372,68,0,38,4,8,0,0,0,238,0,0,0,693,0,0,0
src/com/android/browser/provider/BrowserProvider2.java,com::android::browser::provider::BrowserProvider2::Thumbnails,0,0,0,0,0,0,0,0,0,99,0,0,0,0,0,0,0,0,0,0,0,3,0,0,3,0,0,0,0,0,0,0,0,0,0,0,0
src/com/android/browser/provider/BrowserProvider2.java,com::android::browser::provider::BrowserProvider2::OmniboxSuggestions,0,0,0,0,0,0,0,0,0,99,0,0,0,0,0,0,0,0,0,0,0,5,0,0,5,0,0,0,0,0,0,0,0,0,0,0,0
src/com/android/browser/provider/BrowserProvider2.java,com::android::browser::provider::BrowserProvider2::DatabaseHelper,0,3.92857142857143,26.7857142857143,0,1.35714285714286,0,0,0,0,100,0,0,0,1,0,0,0,3,375,0,80,2,0,14,0,4,0,0,0,58,0,0,0,300,0,0,0
src/com/android/browser/provider/BrowserProvider2.java,com::android::browser::provider::BrowserProvider2::SuggestionsCursor,0,1.90909090909091,5.09090909090909,0,0.909090909090909,0,0,0,0,100,0,0,0,1,0,0,0,6,56,0,20,14,0,11,0,11,0,0,0,33,0,0,0,600,0,0,0
src/com/android/browser/provider/SnapshotProvider.java,com::android::browser::provider::SnapshotProvider,2,2.5,17,0,1.58333333333333,0,0,0,0,100,0,0,0,1,0,0,0,4,204,0,71,9,0,12,2,6,0,0,0,36,0,0,0,400,0,0,0
src/com/android/browser/provider/SnapshotProvider.java,com::android::browser::provider::SnapshotProvider::Snapshots,0,0,0,0,0,0,0,0,0,100,0,0,0,0,0,0,0,0,0,0,0,11,0,0,11,0,0,0,0,0,0,0,0,0,0,0,0
src/com/android/browser/provider/SnapshotProvider.java,com::android::browser::provider::SnapshotProvider::SnapshotDatabaseHelper,0,1.66666666666667,10.6666666666667,0,1.66666666666667,0,0,0,0,101,0,0,0,1,0,0,0,2,32,0,15,2,0,3,0,3,0,0,0,8,0,0,0,202,0,0,0
src/com/android/browser/provider/SQLiteContentProvider.java,com::android::browser::provider::SQLiteContentProvider,3,1.9375,9.8125,0,1.8125,0,0,0,0,101,0,0,0,1,0,0,0,2,157,0,38,7,1,16,0,12,0,0,0,54,0,0,0,202,0,0,0
src/com/android/browser/search/DefaultSearchEngine.java,com::android::browser::search::DefaultSearchEngine,0,1.72727272727273,7,0,1,0,0,0,0,101,0,0,0,1,0,0,0,3,77,0,24,3,0,11,0,9,0,0,0,23,0,0,0,303,0,0,0
src/com/android/browser/search/OpenSearchSearchEngine.java,com::android::browser::search::OpenSearchSearchEngine,3,2.08333333333333,9.33333333333333,0,0.916666666666667,0,0,0,0,102,0,0,0,1,0,0,0,2,112,0,41,13,0,12,0,10,0,0,0,36,0,0,0,204,0,0,0
src/com/android/browser/search/OpenSearchSearchEngine.java,com::android::browser::search::OpenSearchSearchEngine::SuggestionsCursor,0,1.7,5.1,0,0.9,0,0,0,0,103,0,0,0,1,0,0,0,7,51,0,20,2,0,10,0,10,0,0,0,24,0,0,0,721,0,0,0
src/com/android/browser/search/SearchEngine.java,com::android::browser::search::SearchEngine,7,1,1,0,0.857142857142857,0,0,0,0,103,0,0,0,0,0,0,0,7,7,0,1,1,2,7,0,7,0,0,0,7,0,0,0,721,0,0,0
src/com/android/browser/search/SearchEngineInfo.java,com::android::browser::search::SearchEngineInfo,6,1.72727272727273,8.18181818181818,0,0.545454545454545,0,0,0,0,103,0,0,0,0,0,0,0,1,90,0,49,13,0,11,0,8,0,0,0,38,0,0,0,103,0,0,0
src/com/android/browser/search/SearchEnginePreference.java,com::android::browser::search::SearchEnginePreference,0,4,25,0,2,0,0,0,0,103,0,0,0,1,0,0,0,1,25,0,25,1,0,1,0,1,0,0,0,1,0,0,0,103,0,0,0
src/com/android/browser/search/SearchEngines.java,com::android::browser::search::SearchEngines,0,2,8.25,0,1.5,0,0,0,0,103,0,0,0,0,0,0,0,2,33,0,11,1,0,4,0,4,0,0,0,8,0,0,0,206,0,0,0
src/com/android/browser/ShortcutActivity.java,com::android::browser::ShortcutActivity,0,1.75,8,0,1.25,0,0,0,0,103,0,0,0,1,0,0,0,4,32,0,13,1,0,4,0,3,0,0,0,7,0,0,0,412,0,0,0
src/com/android/browser/stub/NullController.java,com::android::browser::stub::NullController,0,1,2.51724137931034,0,1.06896551724138,0,0,0,0,103,0,0,0,1,0,0,0,29,73,0,4,1,0,29,1,28,0,0,0,29,0,0,0,2987,0,0,0
src/com/android/browser/SuggestionsAdapter.java,com::android::browser::SuggestionsAdapter,2,2.1,10.1,0,1.2,0,0,0,0,104,0,0,0,1,0,0,0,3,101,0,45,20,0,10,5,9,0,0,0,34,0,0,0,312,0,0,0
src/com/android/browser/SuggestionsAdapter.java,com::android::browser::SuggestionsAdapter::CompletionListener,2,1,1,0,2,0,0,0,0,104,0,0,0,0,0,0,0,2,2,0,1,0,1,2,0,2,0,0,0,2,0,0,0,208,0,0,0
src/com/android/browser/SystemAllowGeolocationOrigins.java,com::android::browser::SystemAllowGeolocationOrigins,3,1.88888888888889,6.55555555555556,0,0.666666666666667,0,0,0,0,104,0,0,0,0,0,0,0,5,59,0,11,4,0,9,0,3,0,0,0,18,0,0,0,520,0,0,0
src/com/android/browser/SystemAllowGeolocationOrigins.java,com::android::browser::SystemAllowGeolocationOrigins::SettingObserver,0,1,3,0,0.5,0,0,0,0,104,0,0,0,1,0,0,0,2,6,0,3,0,0,2,0,1,0,0,0,3,0,0,0,208,0,0,0
src/com/android/browser/Tab.java,com::android::browser::Tab,122,2.04819277108434,10.0722891566265,0,0.469879518072289,0,0,0,0,109,0,0,0,1,0,0,0,11,836,0,116,55,0,83,0,24,0,0,0,356,0,0,0,1199,0,0,0
src/com/android/browser/Tab.java,com::android::browser::Tab::PageState,14,2,10.5,0,3,0,0,0,0,109,0,0,0,0,0,0,0,1,21,0,11,8,0,2,0,0,0,0,0,12,0,0,0,109,0,0,0
src/com/android/browser/Tab.java,com::android::browser::Tab::ErrorDialog,1,1,5,0,3,0,0,0,0,109,0,0,0,0,0,0,0,1,5,0,5,3,0,1,3,0,0,0,0,4,0,0,0,109,0,0,0
src/com/android/browser/Tab.java,com::android::browser::Tab::SubWindowClient,0,1,4,0,2.72727272727273,0,0,0,0,109,0,0,0,1,0,0,0,1,44,0,6,2,0,11,0,10,0,0,0,24,0,0,0,109,0,0,0
src/com/android/browser/Tab.java,com::android::browser::Tab::SubWindowChromeClient,0,1.25,4,0,2,0,0,0,0,109,0,0,0,1,0,0,0,2,16,0,6,1,0,4,0,3,0,0,0,11,0,0,0,218,0,0,0
src/com/android/browser/Tab.java,com::android::browser::Tab::SaveCallback,0,1,6,0,1,0,0,0,0,109,0,0,0,1,0,0,0,1,6,0,6,1,0,1,0,1,0,0,0,2,0,0,0,109,0,0,0
src/com/android/browser/TabBar.java,com::android::browser::TabBar,16,1.94736842105263,12.2631578947368,0,1.57894736842105,0,0,0,0,112,0,0,0,1,0,0,0,2,233,0,37,25,0,19,0,8,0,0,0,110,0,0,0,224,0,0,0
src/com/android/browser/TabBar.java,com::android::browser::TabBar::TabView,3,1.6,9.86666666666667,0,1.8,0,0,0,0,113,0,0,0,1,0,0,0,1,148,0,31,12,0,15,0,4,0,0,0,90,0,0,0,113,0,0,0
src/com/android/browser/TabControl.java,com::android::browser::TabControl,65,2.925,11.725,0,0.8,0,0,0,0,113,0,0,0,0,0,0,0,1,469,0,68,10,0,40,0,2,0,0,0,151,0,0,0,113,0,0,0
src/com/android/browser/TabControl.java,com::android::browser::TabControl::OnThumbnailUpdatedListener,2,1,1,0,1,0,0,0,0,113,0,0,0,0,0,0,0,1,1,0,1,0,1,1,0,0,0,0,0,1,0,0,0,113,0,0,0
src/com/android/browser/TabScrollView.java,com::android::browser::TabScrollView,9,1.64705882352941,7,0,1.35294117647059,0,0,0,0,113,0,0,0,1,0,0,0,1,119,0,18,4,0,17,0,5,0,0,0,44,0,0,0,113,0,0,0
src/com/android/browser/TabScrollView.java,com::android::browser::TabScrollView::TabLayout,0,2,8.5,0,2.5,0,0,0,0,113,0,0,0,1,0,0,0,4,34,0,12,0,0,4,0,1,0,0,0,8,0,0,0,452,0,0,0
src/com/android/browser/TitleBar.java,com::android::browser::TitleBar,34,1.91666666666667,8.08333333333333,0,0.583333333333333,0,0,0,0,115,0,0,0,1,0,0,0,1,291,0,31,16,0,36,0,20,0,0,0,145,0,0,0,115,0,0,0
src/com/android/browser/UI.java,com::android::browser::UI,53,1,1,0,0.833333333333333,0,0,0,0,115,0,0,0,0,0,0,0,54,54,0,1,0,1,54,0,54,0,0,0,54,0,0,0,6210,0,0,0
src/com/android/browser/UiController.java,com::android::browser::UiController,44,1,1,0,0.461538461538462,0,0,0,0,115,0,0,0,0,0,0,0,39,39,0,1,0,1,39,0,38,0,0,0,39,0,0,0,4485,0,0,0
src/com/android/browser/UploadHandler.java,com::android::browser::UploadHandler,3,2.18181818181818,11.5454545454545,0,0.909090909090909,0,0,0,0,115,0,0,0,0,0,0,0,1,127,0,25,9,0,11,0,1,0,0,0,38,0,0,0,115,0,0,0
src/com/android/browser/UrlBarAutoShowManager.java,com::android::browser::UrlBarAutoShowManager,1,4.4,17.2,0,1.6,0,0,0,0,115,0,0,0,1,0,0,0,2,86,0,44,13,0,5,0,4,0,0,0,37,0,0,0,230,0,0,0
src/com/android/browser/UrlHandler.java,com::android::browser::UrlHandler,3,5.125,28.25,0,1.25,0,0,0,0,115,0,0,0,0,0,0,0,1,226,0,70,10,0,8,0,1,0,0,0,41,0,0,0,115,0,0,0
src/com/android/browser/UrlHandler.java,com::android::browser::UrlHandler::RLZTask,0,3.33333333333333,12,0,1.66666666666667,0,0,0,0,115,0,0,0,1,0,0,0,1,36,0,18,3,0,3,0,1,0,0,0,17,0,0,0,115,0,0,0
src/com/android/browser/UrlInputView.java,com::android::browser::UrlInputView,9,1.40625,5.71875,0,1.4375,0,0,0,0,117,0,0,0,1,0,0,0,9,183,0,22,12,0,32,0,18,0,0,0,84,0,0,0,1053,0,0,0
src/com/android/browser/UrlInputView.java,com::android::browser::UrlInputView::StateListener,4,1,1,0,1,0,0,0,0,117,0,0,0,0,0,0,0,1,1,0,1,3,2,1,2,1,0,0,0,1,0,0,0,117,0,0,0
src/com/android/browser/UrlInputView.java,com::android::browser::UrlInputView::UrlInputListener,5,1,1,0,1.33333333333333,0,0,0,0,117,0,0,0,0,0,0,0,3,3,0,1,0,1,3,0,3,0,0,0,3,0,0,0,351,0,0,0
src/com/android/browser/UrlSelectionActionMode.java,com::android::browser::UrlSelectionActionMode,0,1.2,4.6,0,1.6,0,0,0,0,117,0,0,0,0,0,0,0,4,23,0,11,1,0,5,0,5,0,0,0,8,0,0,0,468,0,0,0
src/com/android/browser/UrlUtils.java,com::android::browser::UrlUtils,0,3.42857142857143,12.2857142857143,0,1,0,0,0,0,117,0,0,0,0,0,0,0,6,86,0,29,4,0,7,0,3,0,0,0,12,0,0,0,702,0,0,0
src/com/android/browser/util/ThreadedCursorAdapter.java,com::android::browser::util::ThreadedCursorAdapter< T >,0,1.69230769230769,10.8461538461538,0,1.30769230769231,0,0,0,0,117,0,0,0,1,0,0,0,13,141,0,67,11,0,13,0,10,0,0,0,13,0,0,0,1521,0,0,0
src/com/android/browser/util/ThreadedCursorAdapter.java,com::android::browser::util::ThreadedCursorAdapter< T >::LoadContainer,0,0,0,0,0,0,0,0,0,117,0,0,0,0,0,0,0,0,0,0,0,6,0,0,0,0,0,0,0,0,0,0,0,0,0,0,0
src/com/android/browser/view/BasePieView.java,com::android::browser::view::BasePieView,11,1.90909090909091,8.81818181818182,0,1.18181818181818,0,0,0,0,118,0,0,0,1,0,0,0,5,97,0,28,11,2,11,0,8,0,0,0,34,0,0,0,590,0,0,0
src/com/android/browser/view/BookmarkContainer.java,com::android::browser::view::BookmarkContainer,1,1.45454545454545,5,0,1,0,0,0,0,118,0,0,0,1,0,0,0,4,55,0,14,2,0,11,0,8,0,0,0,20,0,0,0,472,0,0,0
src/com/android/browser/view/BookmarkExpandableView.java,com::android::browser::view::BookmarkExpandableView,12,1.73684210526316,7.84210526315789,0,1.26315789473684,0,0,0,0,119,0,0,0,1,0,0,0,4,149,0,23,12,0,19,1,16,0,0,0,55,0,0,0,476,0,0,0
src/com/android/browser/view/BookmarkExpandableView.java,com::android::browser::view::BookmarkExpandableView::BookmarkAccountAdapter,6,2.07142857142857,9.14285714285714,0,1.5,0,0,0,0,119,0,0,0,1,0,0,0,5,128,0,37,8,0,14,0,14,0,0,0,47,0,0,0,595,0,0,0
src/com/android/browser/view/BookmarkExpandableView.java,com::android::browser::view::BookmarkExpandableView::BookmarkContextMenuInfo,2,1,4,0,2,0,0,0,0,119,0,0,0,1,0,0,0,1,4,0,4,2,0,1,2,0,0,0,0,3,0,0,0,119,0,0,0
src/com/android/browser/view/CustomScreenLinearLayout.java,com::android::browser::view::CustomScreenLinearLayout,0,1,4,0,2,0,0,0,0,119,0,0,0,1,0,0,0,4,16,0,5,0,0,4,0,3,0,0,0,4,0,0,0,476,0,0,0
src/com/android/browser/view/EventRedirectingFrameLayout.java,com::android::browser::view::EventRedirectingFrameLayout,0,1.57142857142857,4.85714285714286,0,1.42857142857143,0,0,0,0,119,0,0,0,1,0,0,0,4,34,0,6,1,0,7,0,7,0,0,0,11,0,0,0,476,0,0,0
src/com/android/browser/view/PieItem.java,com::android::browser::view::PieItem,14,1.21739130434783,4.04347826086957,0,0.652173913043478,0,0,0,0,119,0,0,0,0,0,0,0,2,93,0,7,11,0,23,0,23,0,0,0,61,0,0,0,238,0,0,0
src/com/android/browser/view/PieListView.java,com::android::browser::view::PieListView,0,2,7.8,0,1.6,0,0,0,0,119,0,0,0,2,0,0,0,3,39,0,15,1,0,5,0,3,0,0,0,31,0,0,0,357,0,0,0
src/com/android/browser/view/PieMenu.java,com::android::browser::view::PieMenu,2,3.24137931034483,15.8275862068966,0,1.37931034482759,0,0,0,0,121,0,0,0,1,0,0,0,1,459,0,85,23,0,29,0,9,0,0,0,175,0,0,0,121,0,0,0
src/com/android/browser/view/PieMenu.java,com::android::browser::view::PieMenu::PieController,2,1,1,0,0,0,0,0,0,121,0,0,0,0,0,0,0,2,2,0,1,0,1,2,0,2,0,0,0,2,0,0,0,242,0,0,0
src/com/android/browser/view/PieMenu.java,com::android::browser::view::PieMenu::PieView,6,1,1,0,2,0,0,0,0,121,0,0,0,0,0,0,0,4,4,0,1,0,1,4,0,4,0,0,0,4,0,0,0,484,0,0,0
src/com/android/browser/view/PieMenu.java,com::android::browser::view::PieMenu::PieView::OnLayoutListener,1,1,1,0,3,0,0,0,0,121,0,0,0,0,0,0,0,1,1,0,1,0,0,1,0,1,0,0,0,1,0,0,0,121,0,0,0
src/com/android/browser/view/PieStackView.java,com::android::browser::view::PieStackView,2,1.85714285714286,7.28571428571429,0,1.42857142857143,0,0,0,0,122,0,0,0,2,0,0,0,4,51,0,12,3,0,7,0,5,0,0,0,34,0,0,0,488,0,0,0
src/com/android/browser/view/PieStackView.java,com::android::browser::view::PieStackView::OnCurrentListener,2,1,1,0,1,0,0,0,0,122,0,0,0,0,0,0,0,1,1,0,1,0,1,1,0,1,0,0,0,1,0,0,0,122,0,0,0
src/com/android/browser/view/ScrollerView.java,com::android::browser::view::ScrollerView,19,3.48051948051948,18.3116883116883,0,1.36363636363636,0,0,0,0,122,0,0,0,1,0,0,0,15,1410,0,160,25,1,77,0,34,0,0,0,237,0,0,0,1830,0,0,0
src/com/android/browser/view/SnapshotGridView.java,com::android::browser::view::SnapshotGridView,0,1.2,5,0,1.8,0,0,0,0,122,0,0,0,1,0,0,0,4,25,0,12,2,0,5,0,4,0,0,0,8,0,0,0,488,0,0,0
src/com/android/browser/view/StopProgressView.java,com::android::browser::view::StopProgressView,0,1.09090909090909,4.27272727272727,0,1.63636363636364,0,0,0,0,122,0,0,0,1,0,0,0,2,47,0,9,4,0,11,0,8,0,0,0,25,0,0,0,244,0,0,0
src/com/android/browser/WallpaperHandler.java,com::android::browser::WallpaperHandler,0,3.6,25.8,0,0.8,0,0,0,0,122,0,0,0,1,0,0,0,1,129,0,94,6,0,5,0,4,0,0,0,19,0,0,0,122,0,0,0
src/com/android/browser/WebBackForwardListClient.java,com::android::browser::WebBackForwardListClient,0,1,1,0,1.5,0,0,0,0,122,0,0,0,0,0,0,0,2,2,0,1,0,0,2,0,2,0,0,0,2,0,0,0,244,0,0,0
src/com/android/browser/WebStorageSizeManager.java,com::android::browser::WebStorageSizeManager,2,3.375,24.125,0,1.75,0,0,0,0,124,0,0,0,0,0,0,0,1,193,0,80,14,0,8,3,5,0,0,0,40,0,0,0,124,0,0,0
src/com/android/browser/WebStorageSizeManager.java,com::android::browser::WebStorageSizeManager::DiskInfo,3,1,1,0,0,0,0,0,0,124,0,0,0,0,0,0,0,2,2,0,1,0,2,2,0,2,0,0,0,2,0,0,0,248,0,0,0
src/com/android/browser/WebStorageSizeManager.java,com::android::browser::WebStorageSizeManager::StatFsDiskInfo,0,1,3,0,0.333333333333333,0,0,0,0,124,0,0,0,1,0,0,0,1,9,0,3,1,0,3,0,3,0,0,0,6,0,0,0,124,0,0,0
src/com/android/browser/WebStorageSizeManager.java,com::android::browser::WebStorageSizeManager::AppCacheInfo,3,1,1,0,0,0,0,0,0,124,0,0,0,0,0,0,0,1,1,0,1,0,2,1,0,1,0,0,0,1,0,0,0,124,0,0,0
src/com/android/browser/WebStorageSizeManager.java,com::android::browser::WebStorageSizeManager::WebKitAppCacheInfo,0,1,4.5,0,0.5,0,0,0,0,124,0,0,0,1,0,0,0,1,9,0,6,2,0,2,0,2,0,0,0,5,0,0,0,124,0,0,0
src/com/android/browser/WebViewController.java,com::android::browser::WebViewController,15,1,1,0,1.55263157894737,0,0,0,0,124,0,0,0,0,0,0,0,38,38,0,1,0,2,38,0,37,0,0,0,38,0,0,0,4712,0,0,0
src/com/android/browser/WebViewFactory.java,com::android::browser::WebViewFactory,3,1,1,0,1,0,0,0,0,124,0,0,0,0,0,0,0,2,2,0,1,0,1,2,0,2,0,0,0,2,0,0,0,248,0,0,0
src/com/android/browser/WebViewProperties.java,com::android::browser::WebViewProperties,0,0,0,0,0,0,0,0,0,124,0,0,0,0,0,0,0,0,0,0,0,4,0,0,3,0,0,0,0,0,0,0,0,0,0,0,0
src/com/android/browser/WebViewTimersControl.java,com::android::browser::WebViewTimersControl,0,2.25,5.375,0,0.75,0,0,0,0,124,0,0,0,0,0,0,0,2,43,0,9,5,0,8,0,5,0,0,0,32,0,0,0,248,0,0,0
src/com/android/browser/widget/BookmarkThumbnailWidgetProvider.java,com::android::browser::widget::BookmarkThumbnailWidgetProvider,0,1.375,7.625,0,1.75,0,0,0,0,124,0,0,0,1,0,0,0,2,61,0,22,1,0,8,1,5,0,0,0,15,0,0,0,248,0,0,0
src/com/android/browser/widget/BookmarkThumbnailWidgetService.java,com::android::browser::widget::BookmarkThumbnailWidgetService,5,2.16666666666667,8.5,0,2,0,0,0,0,124,0,0,0,1,0,0,0,3,51,0,12,12,0,6,0,1,0,0,0,13,0,0,0,372,0,0,0
src/com/android/browser/widget/BookmarkThumbnailWidgetService.java,com::android::browser::widget::BookmarkThumbnailWidgetService::StateFilter,0,2.5,8,0,1.5,0,0,0,0,124,0,0,0,1,0,0,0,1,16,0,10,2,0,2,0,1,0,0,0,5,0,0,0,124,0,0,0
src/com/android/browser/widget/BookmarkThumbnailWidgetService.java,com::android::browser::widget::BookmarkThumbnailWidgetService::BookmarkFactory,0,2.21428571428571,11.6428571428571,0,0.285714285714286,0,0,0,0,125,0,0,0,0,0,0,0,5,163,0,77,6,0,14,0,10,0,0,0,63,0,0,0,625,0,0,0
src/com/android/browser/widget/BookmarkWidgetConfigure.java,com::android::browser::widget::BookmarkWidgetConfigure,0,1.71428571428571,8.28571428571429,0,1.71428571428571,0,0,0,0,125,0,0,0,1,0,0,0,4,58,0,22,3,0,7,0,4,0,0,0,17,0,0,0,500,0,0,0
src/com/android/browser/widget/BookmarkWidgetConfigure.java,com::android::browser::widget::BookmarkWidgetConfigure::AccountsLoader,0,1,6,0,1,0,0,0,0,125,0,0,0,1,0,0,0,1,6,0,6,4,0,1,0,1,0,0,0,2,0,0,0,125,0,0,0
src/com/android/browser/widget/BookmarkWidgetProxy.java,com::android::browser::widget::BookmarkWidgetProxy,0,2.5,10.5,0,2,0,0,0,0,125,0,0,0,1,0,0,0,1,21,0,13,1,0,2,0,1,0,0,0,4,0,0,0,125,0,0,0
src/com/android/browser/XLargeUi.java,com::android::browser::XLargeUi,7,1.68965517241379,6.62068965517241,0,0.793103448275862,0,0,0,0,126,0,0,0,2,0,0,0,9,192,0,22,6,0,29,0,19,0,0,0,115,0,0,0,1134,0,0,0
tests/src/com/android/browser/BrowserLaunchPerformance.java,com::android::browser::BrowserLaunchPerformance,0,1,5.5,0,0.5,0,0,0,0,126,0,0,0,1,0,0,0,2,11,0,6,0,0,2,0,2,0,0,0,2,0,0,0,252,0,0,0
tests/src/com/android/browser/BrowserProviderTests.java,com::android::browser::BrowserProviderTests,0,1.22222222222222,5.94444444444444,0,0.777777777777778,0,0,0,0,126,0,0,0,1,0,0,0,2,107,0,19,1,0,18,0,9,0,0,0,35,0,0,0,252,0,0,0
tests/src/com/android/browser/IntentHandlerTests.java,com::android::browser::IntentHandlerTests,0,1.66666666666667,13,0,0.777777777777778,0,0,0,0,127,0,0,0,1,0,0,0,2,117,0,24,3,0,9,0,5,0,0,0,37,0,0,0,254,0,0,0
tests/src/com/android/browser/tests/BookmarksTests.java,com::android::browser::tests::BookmarksTests,0,3,30,0,0,0,0,0,0,128,0,0,0,2,0,0,0,1,30,0,30,0,0,1,0,1,0,0,0,2,0,0,0,128,0,0,0
tests/src/com/android/browser/tests/BP1to2UpgradeTests.java,com::android::browser::tests::BP1to2UpgradeTests,0,1,19,0,0,0,0,0,0,128,0,0,0,2,0,0,0,4,95,0,30,1,0,5,0,4,0,0,0,8,0,0,0,512,0,0,0
tests/src/com/android/browser/tests/BP2ProviderTests.java,com::android::browser::tests::BP2ProviderTests,0,1.25,22.5,0,0.5,0,0,0,0,128,0,0,0,2,0,0,0,2,90,0,71,4,0,4,0,3,0,0,0,13,0,0,0,256,0,0,0
tests/src/com/android/browser/tests/BP2UriObserverTests.java,com::android::browser::tests::BP2UriObserverTests,0,1,11,0,0,0,0,0,0,129,0,0,0,2,0,0,0,6,66,0,16,0,0,6,0,6,0,0,0,30,0,0,0,774,0,0,0
tests/src/com/android/browser/tests/utils/BP2TestCaseHelper.java,com::android::browser::tests::utils::BP2TestCaseHelper,13,1.5,9,0,1.71428571428571,0,0,0,0,129,0,0,0,1,0,0,0,6,126,0,16,6,4,14,0,10,0,0,0,51,0,0,0,774,0,0,0
tests/src/com/android/browser/tests/utils/BP2TestCaseHelper.java,com::android::browser::tests::utils::BP2TestCaseHelper::TriggeredObserver,4,1,4.2,0,0.8,0,0,0,0,129,0,0,0,1,0,0,0,4,21,0,6,3,0,5,0,5,0,0,0,9,0,0,0,516,0,0,0
tests/src/com/android/browser/tests/utils/MockContentResolver2.java,com::android::browser::tests::utils::MockContentResolver2,0,1.09090909090909,4.45454545454545,0,1.63636363636364,0,0,0,0,130,0,0,0,1,0,0,0,4,49,0,13,2,0,11,0,8,0,0,0,23,0,0,0,520,0,0,0
tests/src/com/android/browser/tests/utils/MockObserverNode.java,com::android::browser::tests::utils::MockObserverNode,3,3.5,14.875,0,2.375,0,0,0,0,131,0,0,0,0,0,0,0,1,119,0,27,6,0,8,3,4,0,0,0,27,0,0,0,131,0,0,0
tests/src/com/android/browser/tests/utils/MockObserverNode.java,com::android::browser::tests::utils::MockObserverNode::MockObserverEntry,2,1,4,0,2,0,0,0,0,131,0,0,0,0,0,0,0,1,4,0,4,2,0,1,2,1,0,0,0,3,0,0,0,131,0,0,0
tests/src/com/android/browser/tests/utils/ProviderTestCase3.java,com::android::browser::tests::utils::ProviderTestCase3< T extends ContentProvider >,0,1.125,6.375,0,0.75,0,0,0,0,131,0,0,0,1,0,0,0,8,51,0,27,6,0,8,1,6,0,0,0,8,0,0,0,1048,0,0,0
tests/src/com/android/browser/tests/utils/ProviderTestCase3.java,com::android::browser::tests::utils::ProviderTestCase3< T extends ContentProvider >::MockContext2,0,1,3.33333333333333,0,0.833333333333333,0,0,0,0,131,0,0,0,1,0,0,0,6,20,0,5,0,0,6,0,6,0,0,0,6,0,0,0,786,0,0,0
tests/src/com/android/browser/TestWebChromeClient.java,com::android::browser::TestWebChromeClient,0,1,3.52,0,2.16,0,0,0,0,131,0,0,0,1,0,0,0,2,88,0,6,1,0,25,0,24,0,0,0,49,0,0,0,262,0,0,0
tests/src/com/android/browser/TestWebViewClient.java,com::android::browser::TestWebViewClient,0,1,3.42857142857143,0,2.64285714285714,0,0,0,0,131,0,0,0,1,0,0,0,1,48,0,4,1,0,14,0,13,0,0,0,28,0,0,0,131,0,0,0
tests/src/com/android/browser/WebStorageSizeManagerUnitTests.java,com::android::browser::WebStorageSizeManagerUnitTests,1,1,54.5,0,0.25,0,0,0,0,134,0,0,0,1,0,0,0,2,218,0,90,4,0,4,0,3,0,0,0,26,0,0,0,268,0,0,0
tests/src/com/android/browser/WebStorageSizeManagerUnitTests.java,com::android::browser::WebStorageSizeManagerUnitTests::MockQuotaUpdater,0,1,3,0,1,0,0,0,0,135,0,0,0,0,0,0,0,1,3,0,3,0,0,1,0,1,0,0,0,2,0,0,0,135,0,0,0
tests/src/com/android/browser/WebStorageSizeManagerUnitTests.java,com::android::browser::WebStorageSizeManagerUnitTests::MockDiskInfo,2,1,3,0,0.5,0,0,0,0,135,0,0,0,1,0,0,0,2,12,0,3,2,0,4,0,4,0,0,0,8,0,0,0,270,0,0,0
tests/src/com/android/browser/WebStorageSizeManagerUnitTests.java,com::android::browser::WebStorageSizeManagerUnitTests::MockAppCacheInfo,2,1,3,0,0.5,0,0,0,0,135,0,0,0,1,0,0,0,1,6,0,3,1,0,2,0,2,0,0,0,4,0,0,0,135,0,0,0
